sex,age_start,age_end,age_group,top_coded,source,lsm_dist_family,mean_kpa,sd_kpa,f4_share_target,n,n_eff,ks,lsm_f0_share,lsm_f1_share,lsm_f2_share,lsm_f3_share,lsm_f4_share,lsm_f0_fit,lsm_f1_fit,lsm_f2_fit,lsm_f3_fit,lsm_f4_fit
Female,0.0,0.01917808,0-0.0191781,False,forward_filled,lognormal,5.021684,2.516314,0.020355,0,0.0,0.17857,0.72749,0.164108,0.042717,0.045331,0.020355,0.729969,0.1589,0.065807,0.039916,0.005407
Female,0.01917808,0.07671233,0.0191781-0.0767123,False,forward_filled,lognormal,5.021684,2.516314,0.020355,0,0.0,0.17857,0.72749,0.164108,0.042717,0.045331,0.020355,0.729969,0.1589,0.065807,0.039916,0.005407
Female,0.07671233,0.5,0.0767123-0.5,False,forward_filled,lognormal,5.021684,2.516314,0.020355,0,0.0,0.17857,0.72749,0.164108,0.042717,0.045331,0.020355,0.729969,0.1589,0.065807,0.039916,0.005407
Female,0.5,1.0,0.5-1,False,forward_filled,lognormal,5.021684,2.516314,0.020355,0,0.0,0.17857,0.72749,0.164108,0.042717,0.045331,0.020355,0.729969,0.1589,0.065807,0.039916,0.005407
Female,1.0,2.0,1-2,False,forward_filled,lognormal,5.021684,2.516314,0.020355,0,0.0,0.17857,0.72749,0.164108,0.042717,0.045331,0.020355,0.729969,0.1589,0.065807,0.039916,0.005407
Female,2.0,5.0,2-5,False,forward_filled,lognormal,5.021684,2.516314,0.020355,0,0.0,0.17857,0.72749,0.164108,0.042717,0.045331,0.020355,0.729969,0.1589,0.065807,0.039916,0.005407
Female,5.0,10.0,5-10,False,forward_filled,lognormal,5.021684,2.516314,0.020355,0,0.0,0.17857,0.72749,0.164108,0.042717,0.045331,0.020355,0.729969,0.1589,0.065807,0.039916,0.005407
Female,10.0,15.0,10-15,False,forward_filled,lognormal,5.021684,2.516314,0.020355,0,0.0,0.17857,0.72749,0.164108,0.042717,0.045331,0.020355,0.729969,0.1589,0.065807,0.039916,0.005407
Female,15.0,20.0,15-20,False,forward_filled,lognormal,5.021684,2.516314,0.020355,0,0.0,0.17857,0.72749,0.164108,0.042717,0.045331,0.020355,0.729969,0.1589,0.065807,0.039916,0.005407
Female,20.0,25.0,20-25,False,forward_filled,lognormal,5.021684,2.516314,0.020355,0,0.0,0.17857,0.72749,0.164108,0.042717,0.045331,0.020355,0.729969,0.1589,0.065807,0.039916,0.005407
Female,25.0,30.0,25-30,False,forward_filled,lognormal,5.021684,2.516314,0.020355,0,0.0,0.17857,0.72749,0.164108,0.042717,0.045331,0.020355,0.729969,0.1589,0.065807,0.039916,0.005407
Female,30.0,35.0,30-35,False,forward_filled,lognormal,5.021684,2.516314,0.020355,0,0.0,0.17857,0.72749,0.164108,0.042717,0.045331,0.020355,0.729969,0.1589,0.065807,0.039916,0.005407
Female,35.0,40.0,35-40,False,forward_filled,lognormal,5.021684,2.516314,0.020355,0,0.0,0.17857,0.72749,0.164108,0.042717,0.045331,0.020355,0.729969,0.1589,0.065807,0.039916,0.005407
Female,40.0,45.0,40-45,False,forward_filled,lognormal,5.021684,2.516314,0.020355,0,0.0,0.17857,0.72749,0.164108,0.042717,0.045331,0.020355,0.729969,0.1589,0.065807,0.039916,0.005407
Female,45.0,50.0,45-50,False,forward_filled,lognormal,5.021684,2.516314,0.020355,0,0.0,0.17857,0.72749,0.164108,0.042717,0.045331,0.020355,0.729969,0.1589,0.065807,0.039916,0.005407
Female,50.0,55.0,50-55,False,forward_filled,lognormal,5.021684,2.516314,0.020355,0,0.0,0.17857,0.72749,0.164108,0.042717,0.045331,0.020355,0.729969,0.1589,0.065807,0.039916,0.005407
Female,55.0,60.0,55-60,False,forward_filled,lognormal,5.021684,2.516314,0.020355,0,0.0,0.17857,0.72749,0.164108,0.042717,0.045331,0.020355,0.729969,0.1589,0.065807,0.039916,0.005407
Female,60.0,65.0,60-64,False,fitted,lognormal,5.021684,2.516314,0.020355,778,373.15054,0.17857,0.72749,0.164108,0.042717,0.045331,0.020355,0.729969,0.1589,0.065807,0.039916,0.005407
Female,65.0,70.0,65-69,False,fitted,lognormal,5.110266,2.507804,0.022159,659,345.316093,0.150008,0.709441,0.164669,0.05221,0.051522,0.022159,0.718299,0.166069,0.068908,0.041343,0.005381
Female,70.0,75.0,70-74,False,fitted,lognormal,5.159016,2.335381,0.032372,485,319.564545,0.134324,0.695778,0.17546,0.057691,0.038698,0.032372,0.714182,0.176834,0.068819,0.036569,0.003595
Female,75.0,80.0,75-79,False,fitted,lognormal,5.180279,2.064406,0.020847,319,220.490792,0.117249,0.728845,0.188305,0.040468,0.021535,0.020847,0.717217,0.190018,0.064384,0.026849,0.001532
Female,80.0,125.0,80+,True,fitted,lognormal,5.191526,1.765361,0.028854,328,236.72717,0.07337,0.706564,0.198048,0.045364,0.02117,0.028854,0.726722,0.20285,0.054538,0.015517,0.000372
Male,0.0,0.01917808,0-0.0191781,False,forward_filled,lognormal,5.621594,2.415752,0.037326,0,0.0,0.1429,0.631386,0.214563,0.063273,0.053452,0.037326,0.6421,0.213991,0.089661,0.049449,0.0048
Male,0.01917808,0.07671233,0.0191781-0.0767123,False,forward_filled,lognormal,5.621594,2.415752,0.037326,0,0.0,0.1429,0.631386,0.214563,0.063273,0.053452,0.037326,0.6421,0.213991,0.089661,0.049449,0.0048
Male,0.07671233,0.5,0.0767123-0.5,False,forward_filled,lognormal,5.621594,2.415752,0.037326,0,0.0,0.1429,0.631386,0.214563,0.063273,0.053452,0.037326,0.6421,0.213991,0.089661,0.049449,0.0048
Male,0.5,1.0,0.5-1,False,forward_filled,lognormal,5.621594,2.415752,0.037326,0,0.0,0.1429,0.631386,0.214563,0.063273,0.053452,0.037326,0.6421,0.213991,0.089661,0.049449,0.0048
Male,1.0,2.0,1-2,False,forward_filled,lognormal,5.621594,2.415752,0.037326,0,0.0,0.1429,0.631386,0.214563,0.063273,0.053452,0.037326,0.6421,0.213991,0.089661,0.049449,0.0048
Male,2.0,5.0,2-5,False,forward_filled,lognormal,5.621594,2.415752,0.037326,0,0.0,0.1429,0.631386,0.214563,0.063273,0.053452,0.037326,0.6421,0.213991,0.089661,0.049449,0.0048
Male,5.0,10.0,5-10,False,forward_filled,lognormal,5.621594,2.415752,0.037326,0,0.0,0.1429,0.631386,0.214563,0.063273,0.053452,0.037326,0.6421,0.213991,0.089661,0.049449,0.0048
Male,10.0,15.0,10-15,False,forward_filled,lognormal,5.621594,2.415752,0.037326,0,0.0,0.1429,0.631386,0.214563,0.063273,0.053452,0.037326,0.6421,0.213991,0.089661,0.049449,0.0048
Male,15.0,20.0,15-20,False,forward_filled,lognormal,5.621594,2.415752,0.037326,0,0.0,0.1429,0.631386,0.214563,0.063273,0.053452,0.037326,0.6421,0.213991,0.089661,0.049449,0.0048
Male,20.0,25.0,20-25,False,forward_filled,lognormal,5.621594,2.415752,0.037326,0,0.0,0.1429,0.631386,0.214563,0.063273,0.053452,0.037326,0.6421,0.213991,0.089661,0.049449,0.0048
Male,25.0,30.0,25-30,False,forward_filled,lognormal,5.621594,2.415752,0.037326,0,0.0,0.1429,0.631386,0.214563,0.063273,0.053452,0.037326,0.6421,0.213991,0.089661,0.049449,0.0048
Male,30.0,35.0,30-35,False,forward_filled,lognormal,5.621594,2.415752,0.037326,0,0.0,0.1429,0.631386,0.214563,0.063273,0.053452,0.037326,0.6421,0.213991,0.089661,0.049449,0.0048
Male,35.0,40.0,35-40,False,forward_filled,lognormal,5.621594,2.415752,0.037326,0,0.0,0.1429,0.631386,0.214563,0.063273,0.053452,0.037326,0.6421,0.213991,0.089661,0.049449,0.0048
Male,40.0,45.0,40-45,False,forward_filled,lognormal,5.621594,2.415752,0.037326,0,0.0,0.1429,0.631386,0.214563,0.063273,0.053452,0.037326,0.6421,0.213991,0.089661,0.049449,0.0048
Male,45.0,50.0,45-50,False,forward_filled,lognormal,5.621594,2.415752,0.037326,0,0.0,0.1429,0.631386,0.214563,0.063273,0.053452,0.037326,0.6421,0.213991,0.089661,0.049449,0.0048
Male,50.0,55.0,50-55,False,forward_filled,lognormal,5.621594,2.415752,0.037326,0,0.0,0.1429,0.631386,0.214563,0.063273,0.053452,0.037326,0.6421,0.213991,0.089661,0.049449,0.0048
Male,55.0,60.0,55-60,False,forward_filled,lognormal,5.621594,2.415752,0.037326,0,0.0,0.1429,0.631386,0.214563,0.063273,0.053452,0.037326,0.6421,0.213991,0.089661,0.049449,0.0048
Male,60.0,65.0,60-64,False,fitted,lognormal,5.621594,2.415752,0.037326,760,336.139862,0.1429,0.631386,0.214563,0.063273,0.053452,0.037326,0.6421,0.213991,0.089661,0.049449,0.0048
Male,65.0,70.0,65-69,False,fitted,lognormal,5.793115,2.34548,0.033745,557,256.470943,0.070323,0.598485,0.246801,0.048666,0.072304,0.033745,0.612127,0.234779,0.097849,0.05106,0.004186
Male,70.0,75.0,70-74,False,fitted,lognormal,5.857854,2.36122,0.052519,493,309.655919,0.073034,0.574042,0.236078,0.066899,0.070461,0.052519,0.600947,0.239725,0.10139,0.053507,0.004432
Male,75.0,80.0,75-79,False,fitted,lognormal,5.823583,2.457474,0.033107,287,187.31498,0.096208,0.617167,0.24587,0.037965,0.065891,0.033107,0.608776,0.229346,0.099851,0.056477,0.005549
Male,80.0,125.0,80+,True,fitted,lognormal,5.66717,2.62475,0.033138,339,233.393201,0.113789,0.621764,0.202179,0.08406,0.058859,0.033138,0.636784,0.205154,0.092366,0.058113,0.007583
